;
Aeugst Am Albis;1995
Affoltern Am Albis;12882
Bonstetten;5712
Hausen Am Albis;3951
Hedingen;4002
Kappel Am Albis;1382
Knonau;2466
Maschwanden;677
Mettmenstetten;5763
Obfelden;5961
Ottenbach;2973
Rifferswil;1180
Stallikon;3909
Wettswil Am Albis;5337
;
Benken (Zh);883
Berg Am Irchel;589
Buch Am Irchel;1066
Dachsen;1926
Dorf;728
Feuerthalen;3848
Flaach;1494
Flurlingen;1520
Henggart;2343
Kleinandelfingen;2238
Laufen-Uhwiesen;1828
Marthalen;1990
Ossingen;1835
Rheinau;1321
Thalheim An Der Thur;1004
Trşllikon;1104
Truttikon;458
Volken;382
Andelfingen;3681
Stammheim;2947
;
Bachenbşlach;4286
Bassersdorf;12301
Bşlach;24508
Dietlikon;8027
Eglisau;5750
Embrach;10356
Freienstein-Teufen;2372
Glattfelden;5438
Hochfelden;2015
HÜri;3564
Hşntwangen;1094
Kloten;21737
Lufingen;2840
Nşrensdorf;5862
Oberembrach;1130
Opfikon;21554
Rafz;4769
Rorbas;3008
Wallisellen;17765
Wasterkingen;594
Wil (Zh);1572
Winkel;5086
;
Bachs;678
Boppelsen;1425
Buchs (Zh);6808
Dèllikon;4466
Dènikon;1866
Dielsdorf;6725
Hşttikon;957
Neerach;3328
Niederglatt;5507
Niederhasli;9648
Niederweningen;3349
Oberglatt;7772
Oberweningen;1905
Otelfingen;2924
Regensberg;478
Regensdorf;20282
Rşmlang;8243
Schleinikon;868
SchÜfflisdorf;1412
Stadel;2455
Steinmaur;3716
Weiach;2123
;
Bèretswil;5148
Bubikon;7661
Dşrnten;8048
Fischenthal;2666
Gossau (Zh);10605
Grşningen;3886
Hinwil;11961
Rşti (Zh);12971
Seegrèben;1460
Wald (Zh);10620
Wetzikon (Zh);26977
;
Adliswil;19893
Kilchberg (Zh);9483
Langnau Am Albis;8224
Oberrieden;5392
Richterswil;14378
Rşschlikon;6406
Thalwil;18513
Wèdenswil;25704
Horgen;24549
;
Erlenbach (Zh);5505
Herrliberg;6780
Hombrechtikon;9176
Kşsnacht (Zh);15168
Mènnedorf;11767
Meilen;14848
Oetwil Am See;5150
Stèfa;15152
Uetikon Am See;6663
Zumikon;5754
Zollikon;13584
;
Fehraltorf;6883
Hittnau;3970
Lindau;5871
Pfèffikon;12750
Russikon;4634
Weisslingen;3496
Wila;2113
Wildberg;1013
Illnau-Effretikon;17756
Bauma;5112
;
Dşbendorf;32571
Egg;8815
Fèllanden;9637
Greifensee;5421
Maur;10884
MÜnchaltorf;4310
Schwerzenbach;5250
Uster;36563
Volketswil;19854
Wangen-Brşttisellen;8292
;
Altikon;774
Brştten;2247
Dègerlen;1159
Dèttlikon;839
Dinhard;1731
Ellikon An Der Thur;1024
Elsau;3898
Hagenbuch;1168
Hettlingen;3227
Neftenbach;5765
Pfungen;4150
Rickenbach (Zh);2850
Schlatt (Zh);785
Seuzach;7990
Turbenthal;5300
Winterthur;120376
Zell (Zh);6809
Elgg;5175
Wiesendangen;6798
;
Aesch (Zh);1659
Birmensdorf (Zh);7380
Dietikon;28295
Geroldswil;5312
Oberengstringen;6914
Oetwil An Der Limmat;2573
Schlieren;20391
Uitikon;5699
Unterengstringen;4345
Urdorf;10503
Weiningen (Zh);5108
;
Zşrich;436551
;
;
CorgÄmont;1819
Cormoret;511
CortÄbert;660
Courtelary;1447
La FerriÅre;548
Mont-Tramelan;111
Orvin;1260
Renan (Be);957
Romont (Be);232
Saint-Imier;5177
Sonceboz-Sombeval;1909
Sonvilier;1221
Tramelan;4727
Villeret;924
Sauge;829
PÄry-La Heutte;1976
Belprahon;266
Champoz;150
Corcelles (Be);186
Court;1371
CrÄmines;537
Eschert;387
Grandval;381
Loveresse;358
Moutier;7256
Perrefitte;480
Reconvilier;2506
Roches (Be);191
Saicourt;644
Saules (Be);148
Schelten;33
Seehof;67
Sorvilier;300
Tavannes;3505
RebÄvelier;32
Petit-Val;484
Valbirse;3974
La Neuveville;3804
Nods;768
Plateau De Diesse;2157
;
Biel/Bienne;56896
Evilard;2657
Lengnau (Be);5798
Meinisberg;1453
Pieterlen;5216
Aegerten;2473
Bellmund;1801
Brşgg;4650
Ipsach;3869
Ligerz;525
MÜrigen;881
Nidau;7053
Orpund;3373
Port;3904
Safnern;2057
Scheuren;535
Schwadernau;690
Sutz-Lattrigen;1398
Twann-Tşscherz;1174
;
Aarberg;4620
Bargen (Be);1096
Grossaffoltern;3070
Kallnach;2235
Kappelen;1409
Lyss;16558
Radelfingen;1285
Rapperswil (Be);2705
Schşpfen;3784
Seedorf (Be);3235
Arch;1744
Bşetigen;916
Bşren An Der Aare;3806
Diessbach Bei Bşren;1052
Dotzigen;1580
Leuzigen;1361
Meienried;57
Oberwil Bei Bşren;904
Rşti Bei Bşren;870
Wengi;633
Brşttelen;641
Erlach;1394
Finsterhennen;570
Gals;849
Gampelen;1016
Ins;3777
Lşscherz;572
Mşntschemier;1652
Siselen;633
Treiten;428
Tschugg;497
Vinelz;910
Bşhl;482
Epsach;366
Hagneck;436
Hermrigen;315
Jens;660
Merzligen;403
Studen (Be);3537
Tèuffelen;3084
Walperswil;1045
Worben;2615
;
Aarwangen;4813
Auswil;477
Bannwil;678
Bleienbach;779
Busswil Bei Melchnau;166
Gondiswil;731
Langenthal;16141
Lotzwil;2779
Madiswil;3330
Melchnau;1518
Oeschenbach;234
Reisiswil;178
Roggwil (Be);4432
Rohrbach;1599
Rohrbachgraben;375
Rştschelen;582
Schwarzhèusern;519
Thunstetten;3587
Ursenbach;903
Wynau;1701
Eriswil;1337
Huttwil;5135
Walterswil (Be);555
Wyssachen;1124
Attiswil;1546
Berken;47
Bettenhausen;692
Farnern;226
Graben;337
Heimenhausen;1219
Herzogenbuchsee;7502
Inkwil;676
Niederbipp;5557
NiederÜnz;1803
Oberbipp;1955
Ochlenberg;536
Rumisberg;493
Seeberg;1599
ThÜrigen;1193
Walliswil Bei Niederbipp;222
Walliswil Bei Wangen;632
Wangen An Der Aare;2920
Wiedlisbach;2654
;
Aefligen;1140
Alchenstorf;634
Burgdorf;17292
Ersigen;2032
Hasle Bei Burgdorf;3402
Heimiswil;1629
Hellsau;213
Hindelbank;2794
HÜchstetten;253
Kernenried;534
Kirchberg (Be);5922
Koppigen;2281
Krauchthal;2381
Lyssach;1484
Oberburg;2990
Rşdtligen-Alchenflşh;2490
Rumendingen;91
Rşti Bei Lyssach;163
Willadingen;196
Wynigen;2097
Bètterkinden;3375
Utzenstorf;4469
Wiler Bei Utzenstorf;1032
Zielebach;323
Eggiwil;2451
Langnau Im Emmental;9574
Lauperswil;2712
RÜthenbach Im Emmental;1200
Rşderswil;2390
Schangnau;924
Signau;2698
Trub;1277
Trubschachen;1510
Affoltern Im Emmental;1211
Dşrrenroth;1077
Lştzelflşh;4372
Rşegsau;3295
Sumiswald;5209
Trachselwald;916
;
Meikirch;2600
Bern;137995
Bolligen;6374
Bremgarten Bei Bern;4424
Kirchlindach;3341
KÜniz;43508
Muri Bei Bern;13712
Oberbalm;865
Stettlen;3384
Vechigen;5982
Wohlen Bei Bern;9283
Zollikofen;11591
Ittigen;11546
Ostermundigen;18326
Bèriswil;1119
Deisswil Bei Mşnchenbuchsee;85
Fraubrunnen;5498
Jegenstorf;5872
Iffwil;445
Mattstetten;599
Moosseedorf;4155
Mşnchenbuchsee;10696
Urtenen-SchÜnbşhl;6545
Wiggiswil;96
Zuzwil (Be);555
Arni (Be);983
Biglen;1856
Bowil;1293
Brenzikofen;534
Freimettigen;453
GrosshÜchstetten;4071
Hèutligen;268
Herbligen;640
Kiesen;990
Konolfingen;5485
Landiswil;623
Linden;1275
Mirchel;561
Mşnsingen;13049
Niederhşnigen;710
Oberdiessbach;3723
Oberthal;706
Oppligen;660
Rubigen;2894
Walkringen;1829
Worb;11595
Zèziwil;1668
Oberhşnigen;333
Allmendingen;532
Wichtrach;4466
Ferenbalm;1253
Frauenkappelen;1470
Gurbrş;249
Kriechenwil;437
Laupen;3285
Mşhleberg;3097
Mşnchenwiler;588
Neuenegg;5730
Wileroltigen;380
Guggisberg;1493
Rşschegg;1738
Schwarzenburg;6795
Belp;11718
Gerzensee;1301
Jaberg;305
Kaufdorf;1101
Kehrsatz;4670
Kirchdorf (Be);1853
Niedermuhlern;521
Riggisberg;3184
Rşeggisberg;1745
Toffen;2661
Wald (Be);1198
Thurnen;2060
;
Reutigen;1393
Stocken-HÜfen;1018
Burgistein;1069
Gurzelen;876
Seftigen;2188
Uttigen;2176
Wattenwil;3230
Amsoldingen;834
Blumenstein;1308
Buchholterberg;1552
Eriz;480
Fahrni;800
Heiligenschwendi;721
Heimberg;7079
Hilterfingen;4095
Homberg;500
Horrenbach-Buchen;224
Oberhofen Am Thunersee;2523
Oberlangenegg;473
Pohlern;247
Sigriswil;4871
Steffisburg;16581
Teuffenthal (Be);154
Thierachern;2539
Thun;44125
Uebeschi;707
Uetendorf;6067
Unterlangenegg;1072
Wachseldorn;238
Forst-Lèngenbşhl;779
;
Boltigen;1272
Lenk;2322
St Stephan;1326
Zweisimmen;3059
Gsteig;1028
Lauenen;865
Saanen;6924
;
Adelboden;3420
Aeschi Bei Spiez;2325
Frutigen;7100
Kandergrund;810
Kandersteg;1299
Krattigen;1130
Reichenbach Im Kandertal;3792
Dèrstetten;868
Diemtigen;2304
Erlenbach Im Simmental;1731
Oberwil Im Simmental;845
Spiez;13342
Wimmis;2735
;
Beatenberg;1229
BÜnigen;2786
Brienz (Be);3256
Brienzwiler;514
Dèrligen;416
Grindelwald;3930
Gsteigwiler;436
Gşndlischwand;344
Habkern;629
Hofstetten Bei Brienz;529
Interlaken;6123
Iseltwald;401
Lauterbrunnen;2331
Leissigen;1205
Lştschental;239
Matten Bei Interlaken;4201
Niederried Bei Interlaken;366
Oberried Am Brienzersee;481
Ringgenberg (Be);2655
Saxeten;98
Schwanden Bei Brienz;668
Unterseen;5708
Wilderswil;2768
Guttannen;241
Hasliberg;1129
Innertkirchen;1079
Meiringen;4814
Schattenhalb;586
;
;
Luzern;86234
;
Adligenswil;5617
Buchrain;6807
Dierikon;1685
Ebikon;14788
Gisikon;1515
Greppen;1219
Honau;579
Horw;15817
Kriens;30008
Malters;7868
Meggen;7795
Meierskappel;1595
Root;6064
Schwarzenberg;1817
Udligenswil;2475
Vitznau;1476
Weggis;4707
;
Aesch (Lu);1453
Ballwil;2840
Emmen;32619
Ermensee;1044
Eschenbach (Lu);3779
Hitzkirch;6086
Hochdorf;10067
Hohenrain;2462
Inwil;2924
Rain;3314
RÜmerswil;1788
Rothenburg;7863
Schongau;1069
;
Beromşnster;6830
Bşron;2768
Buttisholz;3486
Eich;1750
Geuensee;2941
Grosswangen;3524
Hildisrieden;2502
Knutwil;2516
Mauensee;1510
Neuenkirch;7229
Nottwil;4120
Oberkirch;5106
Rickenbach (Lu);3884
Ruswil;7541
Schenkon;3117
Schlierbach;1008
Sempach;4380
Sursee;11029
Triengen;4923
;
Alberswil;735
Altbşron;1014
Altishofen;2057
Dagmersellen;6004
Egolzwil;1664
Ettiswil;2904
Fischbach;724
Grossdietwil;920
Hergiswil Bei Willisau;1944
Luthern;1240
Menznau;3149
Nebikon;2941
Pfaffnau;2777
Reiden;7674
Roggliswil;791
SchÜtz;4964
Ufhusen;919
Wauwil;2660
Wikon;1503
Zell (Lu);2205
Willisau;9242
;
Doppleschwand;824
Entlebuch;3422
Flşhli;1858
Hasle (Lu);1842
Romoos;661
Schşpfheim;4281
Werthenstein;2181
Escholzmatt-Marbach;4559
Wolhusen;4747
;
;
Altdorf (Ur);10459
Andermatt;1578
Attinghausen;1787
Bşrglen (Ur);3901
Erstfeld;3961
Flşelen;2071
GÜschenen;458
Gurtnellen;487
Hospental;180
Isenthal;459
Realp;149
Schattdorf;5501
Seedorf (Ur);2058
Seelisberg;736
Silenen;2037
Sisikon;395
Spiringen;881
Unterschèchen;746
Wassen;431
;
;
Einsiedeln;16532
;
Gersau;2462
;
Feusisberg;5600
Freienbach;17028
Wollerau;7596
;
Kşssnacht (Sz);14148
;
Altendorf;7426
Galgenen;5463
Innerthal;191
Lachen;9529
Reichenburg;4153
Schşbelbach;9757
Tuggen;3469
Vorderthal;1035
Wangen (Sz);5583
;
Alpthal;632
Arth;12524
Illgau;822
Ingenbohl;9548
Lauerz;1149
Morschach;1378
Muotathal;3583
Oberiberg;916
Riemenstalden;85
Rothenthurm;2595
Sattel;2066
Schwyz;16446
Steinen;3774
Steinerberg;965
Unteriberg;2476
;
;
Alpnach;6511
Engelberg;4416
Giswil;3988
Kerns;6514
Lungern;2072
Sachseln;5299
Sarnen;10862
;
;
Beckenried;3712
Buochs;5483
Dallenwil;1871
Emmetten;1668
Ennetbşrgen;5327
Ennetmoos;2338
Hergiswil (Nw);6296
Oberdorf (Nw);3099
Stans;8508
Stansstad;4922
Wolfenschiessen;2121
;
;
Glarus Nord;19810
Glarus Sşd;9675
Glarus;12886
;
;
Baar;25004
Cham;18273
Hşnenberg;8972
Menzingen;4700
Neuheim;2527
Oberègeri;6578
Risch;11674
Steinhausen;10399
Unterègeri;9495
Walchwil;3995
Zug;32122
;
;
Chëtillon (Fr);528
Cugy (Fr);2030
FÄtigny;1284
Gletterens;1161
Lully (Fr);1226
MÄniÅres;445
Montagny (Fr);3037
Nuvilly;498
PrÄvondavaux;113
Saint-Aubin (Fr);2030
SÄvaz;318
Surpierre;1220
Vallon;534
Les Montets;1572
Delley-Portalban;1319
Belmont-Broye;6148
Estavayer;10623
Cheyres-Chëbles;2487
;
Auboranges;281
Billens-Hennens;903
Chapelle (Glëne);341
Le Chëtelard;364
Chëtonnaye;860
Ecublens (Fr);398
Grangettes;212
Massonnens;596
MÄziÅres (Fr);1163
Montet (Glëne);554
Romont (Fr);6124
Rue;1618
Siviriez;2675
Ursy;3502
Vuisternens-Devant-Romont;2383
Villorsonnens;1546
Torny;1095
Villaz;2409
;
Haut-Intyamon;1774
Pont-En-Ogoz;2038
Botterens;759
Broc;2848
Bulle;27101
Chëtel-Sur-Montsalvens;358
CorbiÅres;1042
CrÄsuz;486
Echarlens;846
Grandvillard;903
GruyÅres;2339
Hauteville;744
Jaun;657
Marsens;2130
Morlon;771
Le Pëquier (Fr);1386
Pont-La-Ville;606
Riaz;2932
La Roche;1959
Sëles;1467
Sorens;1103
Vaulruz;1130
Vuadens;2579
Bas-Intyamon;1726
Val-De-Charmey;2729
;
Autigny;840
Avry;1949
Belfaux;3452
ChÄnens;886
Corminboeuf;3029
Cottens (Fr);1529
Ferpicloz;248
Fribourg;39151
Givisiez;3457
Granges-Paccot;3983
Grolley;2113
Marly;9242
Matran;1906
Neyruz (Fr);2869
Pierrafortscha;150
Ponthaux;788
Le Mouret;3354
Treyvaux;1642
Villars-Sur-Glëne;12507
Villarsel-Sur-Marly;69
Hauterive (Fr);2694
La Brillaz;2208
La Sonnaz;1458
Gibloux;8393
Prez;2465
Bois-D'Amont;2422
;
Courgevaux;1458
Courtepin;5772
Cressier (Fr);1109
Frèschels;445
Greng;176
Gurmels;4675
Kerzers;5466
KleinbÜsingen;705
Meyriez;569
Misery-Courtion;2404
Muntelier;982
Murten;9552
Ried Bei Kerzers;1237
Ulmiz;425
Mont-Vully;4561
;
Brşnisried;724
Dşdingen;9116
Giffers;1703
BÜsingen;3360
Heitenried;1404
Plaffeien;3693
Plasselb;1088
Rechthalten;1165
St Silvester;1064
St Ursen;1419
Schmitten (Fr);4285
Tafers;8026
Tentlingen;1382
Ueberstorf;2433
Wşnnewil-Flamatt;5814
;
Attalens;3693
Bossonnens;1593
Chëtel-Saint-Denis;8786
Granges (Veveyse);977
Remaufens;1427
Saint-Martin (Fr);1043
Semsales;1568
Le Flon;1211
La Verrerie;1350
;
;
Egerkingen;4311
Hèrkingen;1781
Kestenholz;1884
Neuendorf;2396
Niederbuchsiten;1341
Oberbuchsiten;2406
Oensingen;6817
Wolfwil;2443
;
Aedermannsdorf;593
Balsthal;6560
Herbetswil;608
Holderbank (So);779
Laupersdorf;1880
Matzendorf;1409
Mşmliswil-Ramiswil;2481
Welschenrohr-Gènsbrunnen;1209
;
Biezwil;345
Lşterkofen-Ichertswil;902
Messen;1498
Schnottwil;1176
Unterramsern;225
Lşsslingen-Nennigkofen;1144
Buchegg;2964
;
Bèttwil;1192
Bşren (So);1077
Dornach;6901
Gempen;934
Hochwald;1282
Hofstetten-Flşh;3402
Metzerlen-Mariastein;988
Nuglar-St Pantaleon;1553
Rodersdorf;1408
Seewen;1088
Witterswil;1500
;
Hauenstein-Ifenthal;341
Kienberg;526
Lostorf;4129
NiedergÜsgen;4255
ObergÜsgen;2490
Stşsslingen;1259
Trimbach;6854
Winznau;2053
Wisen (So);438
Erlinsbach (So);3736
;
Aeschi (So);1328
Biberist;9545
Bolken;577
Deitingen;2338
Derendingen;7133
Etziken;1069
Gerlafingen;5859
Halten;841
Horriwil;943
Hşniken;161
Kriegstetten;1446
Lohn-Ammannsegg;2947
Luterbach;3724
Obergerlafingen;1266
Oekingen;894
Recherswil;2202
Subingen;3299
Zuchwil;9616
Drei HÜfe;732
;
Balm Bei Gşnsberg;230
Bellach;5556
Bettlach;4987
Feldbrunnen-St Niklaus;1071
Flumenthal;1052
Grenchen;18602
Gşnsberg;1205
Hubersdorf;719
Kammersrohr;32
Langendorf;3883
Lommiswil;1618
Oberdorf (So);1818
Riedholz;2310
Rşttenen;1532
Selzach;3690
;
Boningen;813
Dèniken;3073
Dulliken;5450
Eppenberg-WÜschnau;340
Fulenbach;1821
Gretzenbach;2789
Gunzgen;1696
Hègendorf;5299
Kappel (So);3562
Olten;19051
Rickenbach (So);1211
SchÜnenwerd;5337
Starrkirch-Wil;1980
Walterswil (So);772
Wangen Bei Olten;5532
;
Solothurn;16847
;
Bèrschwil;796
Beinwil (So);262
Breitenbach;4366
Bşsserach;2450
Erschwil;967
Fehren;600
Grindel;519
Himmelried;964
Kleinlştzel;1197
Meltingen;631
Nunningen;1983
Zullwil;701
;
;
Basel;177571
Bettingen;1279
Riehen;22534
;
;
Aesch (Bl);11137
Allschwil;22155
Arlesheim;9314
Biel-Benken;3485
Binningen;16053
Birsfelden;10445
Bottmingen;7014
Ettingen;5567
Mşnchenstein;12457
Muttenz;18120
Oberwil (Bl);11430
Pfeffingen;2413
Reinach (Bl);20690
SchÜnenbuch;1494
Therwil;10125
;
Blauen;707
Brislach;1772
Burg Im Leimental;286
Dittingen;740
Duggingen;1621
Grellingen;1958
Laufen;6054
Liesberg;1105
Nenzlingen;468
Roggenburg;246
RÜschenz;1941
Wahlen;1592
Zwingen;2848
;
Arisdorf;1734
Augst;1087
Bubendorf;4534
Frenkendorf;6651
Fşllinsdorf;4730
Giebenach;1136
Hersberg;393
Lausen;5886
Liestal;16034
Lupsingen;1565
Pratteln;16576
Ramlinsburg;732
Seltisberg;1316
Ziefen;1708
;
Anwil;547
BÜckten;857
Buckten;715
Buus;1134
Diepflingen;835
Gelterkinden;6458
Hèfelfingen;246
Hemmiken;263
Itingen;2473
Kènerkinden;532
Kilchberg (Bl);182
Lèufelfingen;1415
Maisprach;956
Nusshof;277
Oltingen;526
Ormalingen;2375
Rickenbach (Bl);570
Rothenfluh;809
Rşmlingen;438
Rşnenberg;794
Sissach;6894
Tecknau;817
Tenniken;938
Thşrnen;1459
Wenslingen;712
Wintersingen;602
Wittinsburg;449
Zeglingen;519
Zunzgen;2790
;
Arboldswil;608
Bennwil;677
Bretzwil;736
Diegten;1643
Eptingen;560
HÜlstein;2643
Lampenberg;581
Langenbruck;975
Lauwil;324
Liedertswil;156
Niederdorf;1783
Oberdorf (Bl);2577
Reigoldswil;1593
Titterten;442
Waldenburg;1124
;
;
Gèchlingen;1029
LÜhningen;1642
Neunkirch;2660
;
Bşttenhardt;438
DÜrflingen;1056
Lohn (Sh);760
Stetten (Sh);1479
Thayngen;5881
;
Bargen (Sh);342
Beringen;5269
Buchberg;885
Merishausen;905
Neuhausen Am Rheinfall;11834
Rşdlingen;815
Schaffhausen;38964
;
Beggingen;485
Schleitheim;1845
Siblingen;888
;
Buch (Sh);336
Hemishofen;493
Ramsen;1655
Stein Am Rhein;3770
;
Hallau;2423
Oberhallau;456
Trasadingen;619
Wilchingen;1738
;
;
Herisau;15943
Hundwil;965
SchÜnengrund;557
Schwellbrunn;1556
Stein (Ar);1497
Urnèsch;2373
Waldstatt;1867
;
Bşhler;1934
Gais;3134
Speicher;4502
Teufen (Ar);6522
Trogen;1877
;
Grub (Ar);986
Heiden;4383
Lutzenberg;1321
Rehetobel;1714
Reute (Ar);703
Wald (Ar);929
Walzenhausen;2054
Wolfhalden;1888
;
;
Appenzell;6096
Gonten;1474
Schlatt-Haslen;1119
Oberegg;1936
Schwende-Rşte;6108
;
;
Hèggenschwil;1426
Muolen;1265
St Gallen;78863
Wittenbach;10142
Eggersriet;2434
Andwil (Sg);2144
Gaiserwald;8714
Gossau (Sg);18633
Waldkirch;3576
;
Berg (Sg);1033
Goldach;9783
MÜrschwil;3671
Rorschach;10274
Rorschacherberg;7716
Steinach;3581
Tşbach;1602
Untereggen;1035
Thal;7137
;
Au (Sg);8628
Balgach;5210
Berneck;4008
Diepoldsau;6939
Rheineck;3514
St Margrethen;6718
Widnau;10409
Altstètten;12581
Eichberg;1617
Marbach (Sg);2169
Oberriet (Sg);9373
Rebstein;5077
Rşthi (Sg);2633
;
Buchs (Sg);14038
Gams;3728
Grabs;7488
Sennwald;6332
Sevelen;5411
Wartau;5595
;
Bad Ragaz;6872
Flums;5400
Mels;9581
Pfèfers;1624
Quarten;3105
Sargans;6615
Vilters-Wangs;5121
Walenstadt;5926
;
Amden;1901
Benken (Sg);3073
Kaltbrunn;5099
Schènis;4172
Weesen;1898
Schmerikon;4150
Uznach;7038
Rapperswil-Jona;28779
Gommiswald;5718
Eschenbach (Sg);10266
;
Ebnat-Kappel;5323
Wildhaus-Alt St Johann;2601
Nesslau;3890
Lichtensteig;2141
Wattwil;9165
Kirchberg (Sg);9791
Lştisburg;1646
Mosnang;2981
Bştschwil-Ganterschwil;5336
Neckertal;6420
;
Degersheim;4216
Flawil;10632
Jonschwil;3992
Oberuzwil;6743
Uzwil;14570
Niederbşren;1529
Niederhelfenschwil;3290
Oberbşren;4726
Zuzwil (Sg);5033
Wil (Sg);25176
;
;
Vaz/Obervaz;2732
Lantsch/Lenz;518
Schmitten (Gr);205
Albula/Alvra;1354
Surses;2465
Bergşn Filisur;898
;
Brusio;1099
Poschiavo;3505
;
Zernez;1592
Samnaun;750
Scuol;4546
Valsot;801
Val Mşstair;1430
;
Bonaduz;3565
Domat/Ems;8392
Rhèzşns;1612
Felsberg;2886
Flims;2902
Tamins;1223
Trin;1557
;
Trimmis;3424
Untervaz;2674
Zizers;3691
Flèsch;879
Jenins;964
Maienfeld;3266
Malans;2529
Landquart;9244
;
Bever;618
Celerina/Schlarigna;1415
Madulain;196
Pontresina;2072
La Punt Chamues-Ch;750
Samedan;2901
St Moritz;4997
S-Chanf;713
Sils Im Engadin/Segl;708
Silvaplana;1124
Zuoz;1224
Bregaglia;1591
;
Buseno;91
Castaneda;254
Rossa;168
Santa Maria In Calanca;113
Lostallo;866
Mesocco;1414
Soazza;324
Cama;720
Grono;1580
Roveredo (Gr);2656
San Vittore;961
Calanca;204
;
Chur;39177
Churwalden;2114
Arosa;3159
Tschiertschen-Praden;309
;
Davos;10774
Fideris;626
Furna;203
Jenaz;1164
Klosters;4478
Conters Im Prèttigau;224
Kşblis;910
Luzein;1689
Grşsch;2176
Schiers;2993
Seewis Im Prèttigau;1450
;
Falera;635
Laax;2102
Sagogn;769
Schluein;616
Vals;958
Lumnezia;2075
Ilanz/Glion;5067
Safiental;964
Breil/Brigels;1706
Disentis/MustÄr;2104
Medel (Lucmagn);328
Sumvitg;1063
Tujetsch;1199
Trun;1141
Obersaxen Mundaun;1160
;
Fşrstenau;353
Rothenbrunnen;304
Scharans;836
Sils Im Domleschg;976
Cazis;2439
Flerden;255
Masein;531
Thusis;3439
Tschappina;146
Urmein;163
Domleschg;2262
Avers;169
Sufers;147
Andeer;923
Rongellen;59
Zillis-Reischen;426
Ferrera;76
Rheinwald;570
Muntogna Da Schons;368
;
;
Aarau;22710
Biberstein;1657
Buchs (Ag);8491
Densbşren;769
Erlinsbach (Ag);4639
Grènichen;8692
Hirschthal;1763
Kşttigen;6997
Muhen;4090
Oberentfelden;8946
Suhr;11617
Unterentfelden;4550
;
Baden;23853
Bellikon;1580
Bergdietikon;2997
Birmenstorf (Ag);3066
Ennetbaden;3703
Fislisbach;6140
Freienwil;1100
Gebenstorf;5807
Killwangen;2304
Kşnten;1956
Mègenwil;2232
Mellingen;6319
Neuenhof;9212
Niederrohrdorf;4695
Oberrohrdorf;4287
Obersiggenthal;8966
Remetschwil;2096
Spreitenbach;12587
Stetten (Ag);2541
Untersiggenthal;7812
Wettingen;21856
Wohlenschwil;1855
Wşrenlingen;5262
Wşrenlos;6931
Ehrendingen;4928
;
Arni (Ag);1987
Berikon;5000
Bremgarten (Ag);8871
Bşttikon;1170
Dottikon;4257
Eggenwil;1055
Fischbach-GÜslikon;1733
Hègglingen;2588
Jonen;2347
Niederwil (Ag);3023
Oberlunkhofen;2207
Oberwil-Lieli;2627
Rudolfstetten-Friedlisberg;4644
Sarmenstorf;3182
Tègerig;1547
Uezwil;554
Unterlunkhofen;1688
Villmergen;8242
Widen;3815
Wohlen (Ag);17816
Zufikon;4906
Islisberg;692
;
Auenstein;1743
Birr;4847
Birrhard;969
Brugg;13529
Habsburg;431
Hausen (Ag);3774
Lupfig;3401
Mandach;328
MÜnthal;393
Mşlligen;1088
Remigen;1380
Riniken;1568
Rşfenach;888
Thalheim (Ag);956
Veltheim (Ag);1600
Villigen;2231
Villnachern;1705
Windisch;8153
BÜzberg;1696
Schinznach;2462
;
Beinwil Am See;3719
Birrwil;1414
Dşrrenèsch;1375
Gontenschwil;2209
Holziken;1763
Leimbach (Ag);543
Leutwil;755
Menziken;8672
Oberkulm;3023
Reinach (Ag);9634
Schlossrued;893
Schmiedrued;1160
SchÜftland;4608
Teufenthal (Ag);1803
Unterkulm;3801
Zetzwil;1381
;
Eiken;2516
Frick;5924
Gansingen;1128
Gipf-Oberfrick;3887
Kaisten;2946
Laufenburg;3858
Mşnchwilen (Ag);1077
Oberhof;584
Oeschgen;1185
Schwaderloch;728
Sisseln;1653
Wittnau;1429
WÜlflinswil;1077
Zeihen;1265
Mettauertal;2176
BÜztal;2940
Herznach-Ueken;2667
;
Ammerswil;802
Boniswil;1770
Brunegg;920
Dintikon;2428
Egliswil;1605
Fahrwangen;2536
Hallwil;1024
Hendschiken;1387
Holderbank (Ag);1570
Hunzenschwil;4382
Lenzburg;11314
Meisterschwanden;3310
MÜriken-Wildegg;4987
Niederlenz;4958
Othmarsingen;3168
Rupperswil;6229
Schafisheim;3155
Seengen;4494
Seon;5652
Staufen;4402
;
Abtwil;1120
Aristau;1603
Auw;2301
Beinwil (Freiamt);1309
Besenbşren;637
Bettwil;716
Boswil;3114
Bşnzen;1245
Buttwil;1297
Dietwil;1417
Geltwil;241
Kallern;422
Merenschwand;3893
Mşhlau;1347
Muri (Ag);8712
Oberrşti;1630
Rottenschwil;960
Sins;4491
Waltenschwil;3186
;
Hellikon;850
Kaiseraugst;5824
Magden;3888
MÜhlin;11389
Mumpf;1563
Obermumpf;1081
Olsberg;360
Rheinfelden;13820
Schupfart;883
Stein (Ag);3512
Wallbach;2065
Wegenstetten;1017
Zeiningen;2545
Zuzgen;909
;
Aarburg;8917
Bottenwil;863
Brittnau;4339
Kirchleerau;938
KÜlliken;5106
Moosleerau;955
Murgenthal;3128
Oftringen;15120
Reitnau;1621
Rothrist;9896
Safenwil;4630
Staffelbach;1365
Strengelbach;5098
Uerkheim;1441
Vordemwald;2039
Wiliberg;170
Zofingen;12876
;
BÜttstein;4326
DÜttingen;4561
Endingen;2717
Fisibach;605
Full-Reuenthal;1013
Klingnau;3700
Koblenz;1821
Leibstadt;1605
Lengnau (Ag);2955
Leuggern;2444
Mellikon;224
Schneisingen;1564
Siglistorf;799
Tegerfelden;1304
Zurzach;8336
;
;
Arbon;16354
Dozwil;732
Egnach;5180
Hefenhofen;1340
Horn;3165
Kesswil;1005
Roggwil (Tg);3452
Romanshorn;11945
Salmsach;1631
Sommeri;673
Uttwil;1921
Amriswil;14951
;
Basadingen-Schlattingen;1902
Diessenhofen;4138
Schlatt (Tg);1887
Felben-Wellhausen;3232
Frauenfeld;27099
Gachnang;4636
Hşttlingen;906
Matzingen;3167
Neunforn;1112
Stettfurt;1276
Thundorf;1737
Uesslingen-Buch;1139
Warth-Weiningen;1476
Berlingen;957
Eschenz;1923
Herdern;1176
Homburg;1573
Hşttwilen;1783
Mammern;704
Mşllheim;3339
Pfyn;2259
Steckborn;4054
Wagenhausen;1858
;
Altnau;2355
Bottighofen;2696
Ermatingen;3780
Gottlieben;347
Gşttingen;1799
Kemmental;2837
Kreuzlingen;23407
Langrickenbach;1503
Lengwil;1796
Mşnsterlingen;3723
Tègerwilen;5453
Wèldi;1171
Raperswilen;421
Salenstein;1454
;
Aadorf;9800
Bettwiesen;1342
Bichelsee-Balterswil;3030
Braunau;904
Eschlikon;4916
Fischingen;3028
Lommis;1331
Mşnchwilen (Tg);5976
Rickenbach (Tg);3061
Sirnach;8200
Tobel-Tègerschen;1730
Wèngi;5065
Wilen (Tg);2506
;
Bischofszell;6417
Erlen;3980
Hauptwil-Gottshaus;2104
Hohentannen;655
Kradolf-SchÜnenberg;3932
Sulgen;4152
Zihlschlacht-Sitterdorf;2624
Affeltrangen;2880
SchÜnholzerswilen;867
Wuppenau;1213
Amlikon-Bissegg;1414
Berg (Tg);3590
Birwinken;1428
Bşrglen (Tg);4173
Bussnang;2615
Mèrstetten;3008
Weinfelden;12504
Wigoltingen;2640
;
;
Arbedo-Castione;5160
Bellinzona;45305
Cadenazzo;3132
Isone;404
Lumino;1684
Sant'Antonino;2671
;
Acquarossa;1796
Blenio;1747
Serravalle;2070
;
Airolo;1452
Bedretto;108
Bodio;961
Dalpe;185
Faido;2705
Giornico;801
Personico;317
Pollegio;920
Prato (Leventina);376
Quinto;926
;
Ascona;5322
Brione Sopra Minusio;436
Brissago;1619
Gordola;4831
Lavertezzo;1253
Locarno;16374
Losone;6727
Mergoscia;201
Minusio;7321
Muralto;2572
Orselina;687
Ronco Sopra Ascona;522
Tenero-Contra;3393
Onsernone;663
Cugnasco-Gerra;2858
Terre Di Pedemonte;2685
Centovalli;1070
Gambarogno;5024
Verzasca;776
;
Agno;4554
Aranno;351
Arogno;938
Astano;313
Bedano;1510
Bedigliora;619
Bioggio;2801
Bissone;930
Brusino Arsizio;474
Cademario;790
Cadempino;1585
Canobbio;2404
Caslano;4400
Comano;2186
Cureglia;1483
Curio;587
Grancia;468
Gravesano;1398
Lamone;1757
Lugano;63629
Magliaso;1622
Manno;1373
Massagno;6799
Melide;1785
Mezzovico-Vira;1389
Miglieglia;293
Morcote;713
Muzzano;805
Neggio;328
Novaggio;850
Origlio;1526
Paradiso;4853
Ponte Capriasca;1958
Porza;1717
Pura;1355
Savosa;2276
Sorengo;2183
Capriasca;6717
Torricella-Taverne;3087
Vernate;613
Vezia;1958
Vico Morcote;408
Collina D'Oro;4903
Alto Malcantone;1390
Monteceneri;4729
Tresa;3126
Val Mara;3005
;
Balerna;3356
Castel San Pietro;2262
Chiasso;7564
Coldrerio;2834
Mendrisio;15085
Morbio Inferiore;4412
Novazzano;2340
Riva San Vitale;2695
Stabio;4522
Vacallo;3491
Breggia;1889
;
Biasca;6201
Riviera;4269
;
Bosco/Gurin;47
Campo (Vallemaggia);49
Cerentino;37
Cevio;1111
Linescio;41
Maggia;2674
Lavizzara;498
Avegno Gordevio;1534
;
;
Aigle;11752
Bex;8841
Chessel;527
Corbeyrier;452
Gryon;1519
Lavey-Morcles;1015
Leysin;3659
Noville;1215
Ollon;8221
Ormont-Dessous;1242
Ormont-Dessus;1433
Rennaz;949
Roche (Vd);1994
Villeneuve (Vd);6039
Yvorne;1109
;
Avenches;4875
Cudrefin;1885
Faoug;895
Vully-Les-Lacs;3627
Bussy-Sur-Moudon;262
Chavannes-Sur-Moudon;229
Curtilles;308
Dompierre (Vd);240
Hermenches;373
Lovatens;146
Lucens;4736
Moudon;6646
PrÄvonloup;230
Rossenges;91
Syens;151
Villars-Le-Comte;132
Vucherens;621
Corcelles-Le-Jorat;499
Ropraz;530
Vulliens;628
Champtauroz;196
Chevroux;494
Corcelles-PrÅs-Payerne;2982
Grandcour;976
Henniez;469
Missy;383
Payerne;10758
Trey;318
Treytorrens (Payerne);108
Villarzel;523
Valbroye;3425
;
Bettens;646
Bournens;531
Boussens;1006
Daillens;1097
Lussery-Villars;470
Mex (Vd);807
Penthalaz;3169
Penthaz;1945
Sullens;1226
Vufflens-La-Ville;1342
Assens;1717
Bercher;1344
Bottens;1354
Bretigny-Sur-Morrens;899
Cugy (Vd);2787
Echallens;6719
Essertines-Sur-Yverdon;1142
EtagniÅres;1191
Fey;789
Froideville;2729
Morrens (Vd);1155
Oulens-Sous-Echallens;603
Pailly;575
PenthÄrÄaz;430
Poliez-Pittet;850
Rueyres;304
Saint-BarthÄlemy (Vd);834
Villars-Le-Terroir;1308
Vuarrens;1119
Montilliez;1872
Goumoæns;1206
Boulens;368
Ogens;341
Montanaire;2860
Jorat-Menthue;1574
Oppens;202
;
Bonvillars;517
Bullet;681
Champagne;1070
Concise;1025
Corcelles-PrÅs-Concise;434
Fiez;432
Fontaines-Sur-Grandson;219
Giez;464
Grandevent;241
Grandson;3390
Mauborget;145
Mutrux;145
Novalles;106
Onnens (Vd);513
Provence;409
Sainte-Croix;5139
TÄvenon;862
L'Abergement;270
Agiez;372
Arnex-Sur-Orbe;694
Ballaigues;1218
Baulmes;1165
Bavois;1041
Bofflens;200
BretonniÅres;261
Chavornay;5440
Les ClÄes;193
Croy;403
Juriens;348
Lignerolle;461
Montcherand;489
Orbe;7978
La Praz;207
Premier;228
Rances;509
RomainmÖtier-Envy;560
Sergey;133
Valeyres-Sous-Rances;578
Vallorbe;4319
Vaulion;488
Vuiteboeuf;608
L'Abbaye;1541
Le Chenit;4753
Le Lieu;918
Belmont-Sur-Yverdon;445
Bioley-Magnoux;257
Chamblon;554
Champvent;724
Chavannes-Le-ChÉne;322
ChÉne-Pëquier;173
Cheseaux-NorÄaz;736
Cronay;426
Cuarny;241
DÄmoret;173
Donneloye;916
Ependes (Vd);379
Mathod;725
Molondin;269
Montagny-PrÅs-Yverdon;780
Orges;424
Orzens;214
Pomy;876
Rovray;194
Suchy;663
SuscÄvaz;234
Treycovagnes;515
Ursins;232
Valeyres-Sous-Montagny;707
Valeyres-Sous-Ursins;235
Villars-Epeney;108
Vugelles-La Mothe;146
Yverdon-Les-Bains;30292
Yvonand;3524
;
Cheseaux-Sur-Lausanne;4847
Epalinges;9905
Jouxtens-MÄzery;1478
Lausanne;144873
Le Mont-Sur-Lausanne;9531
Romanel-Sur-Lausanne;4321
;
Belmont-Sur-Lausanne;3915
Paudex;1509
Pully;19538
Chexbres;2261
Forel (Lavaux);2087
Lutry;10751
Puidoux;2974
Rivaz;329
Saint-Saphorin (Lavaux);387
Savigny;3517
Bourg-En-Lavaux;5464
Maracon;569
Montpreveyres;656
Servion;2228
Oron;6341
Jorat-MÄziÅres;3189
;
Aubonne;3856
Ballens;579
Berolle;303
BiÅre;1669
Bougy-Villars;514
FÄchy;923
Gimel;2457
Mollens (Vd);324
Saint-Livres;715
Saint-Oyens;457
Saubraz;447
La Chaux (Cossonay);432
Chavannes-Le-Veyron;160
Chevilly;346
Cossonay;4893
Cuarnens;561
Dizy;238
EclÄpens;1210
Ferreyres;309
Gollion;1066
Grancy;538
L'Isle;1094
Mauraz;67
Moiry;300
Mont-La-Ville;496
Montricher;943
Orny;497
Pompaples;932
La Sarraz;2615
Senarclens;480
Aclens;585
Bremblens;614
Buchillon;686
Chigny;420
Clarmont;228
Denens;742
Denges;1830
Echandens;2999
Echichens;3222
Etoy;2962
Lavigny;1099
Lonay;2734
Lully (Vd);836
Lussy-Sur-Morges;719
Morges;17701
PrÄverenges;5260
Romanel-Sur-Morges;454
Saint-Prex;5865
Tolochenaz;1934
Vaux-Sur-Morges;185
Villars-Sous-Yens;602
Vufflens-Le-Chëteau;837
Vullierens;547
Yens;1498
Hautemorges;4383
Allaman;430
;
Longirod;556
Marchissy;508
Saint-George;1081
Arnex-Sur-Nyon;270
Arzier-Le Muids;2968
Bassins;1483
Begnins;2035
Bogis-Bossey;991
Borex;1146
Chavannes-De-Bogis;1384
Chavannes-Des-Bois;983
ChÄserex;1279
Coinsins;519
Commugny;2973
Coppet;3232
Crans (Vd);2445
Crassier;1275
Duillier;1140
Eysins;1774
Founex;3763
Genolier;2012
Gingins;1256
Givrins;1068
Gland;13987
Grens;391
Mies;2180
Nyon;23351
Prangins;4271
La Rippe;1196
Saint-Cergue;3009
Signy-Avenex;608
Tannay;1746
TrÄlex;1426
Le Vaud;1367
Vich;1182
Bursinel;532
Bursins;814
Burtigny;401
Dully;620
Essertines-Sur-Rolle;785
Gilly;1441
Luins;633
Mont-Sur-Rolle;2752
Perroy;1584
Rolle;6540
Tartegnin;235
Vinzel;387
;
Crissier;10676
Prilly;12758
Renens (Vd);21541
Bussigny;11632
Chavannes-PrÅs-Renens;9774
Ecublens (Vd);13364
Saint-Sulpice (Vd);5155
Villars-Sainte-Croix;953
;
Chëteau-D'Oex;3653
RossiniÅre;499
Rougemont;813
Chardonne;3337
Corseaux;2320
Corsier-Sur-Vevey;3385
Jongny;1928
Montreux;26955
La Tour-De-Peilz;12812
Vevey;20142
Veytaux;1038
Blonay - Saint-LÄgier;12464
;
;
Brig-Glis;14085
Eggerberg;338
Naters;10674
Ried-Brig;2310
Simplon;281
Termen;1175
Zwischbergen;71
;
Ardon;3835
Chamoson;4389
Conthey;9408
Nendaz;7314
VÄtroz;6605
;
Bourg-Saint-Pierre;222
Liddes;770
OrsiÅres;3303
Sembrancher;1114
Val De Bagnes;10907
;
Bellwald;363
Binn;129
Ernen;544
Fiesch;910
Fieschertal;357
Lax;339
Obergoms;663
Goms;1149
;
Ayent;4451
EvolÅne;1666
HÄrÄmence;1545
Saint-Martin (Vs);853
Vex;1980
Mont-Noble;1187
;
Agarn;745
Albinen;259
Ergisch;183
Inden;130
Leuk;4340
Leukerbad;1426
Oberems;140
Salgesch;1732
Varen;700
Guttet-Feschel;440
Gampel-Bratsch;2247
Turtmann-Unterems;1212
;
Bovernier;952
Fully;9310
IsÄrables;804
Leytron;3529
Martigny;22247
Martigny-Combe;2363
Riddes;3749
Saillon;3156
Saxon;7424
Trient;175
;
ChampÄry;1404
Collombey-Muraz;10051
Monthey;19074
Port-Valais;4551
Saint-Gingolph;1088
Troistorrents;5022
Val-D'Illiez;2145
Vionnaz;3024
Vouvry;4803
;
Bister;37
Bitsch;1142
Grengiols;417
Riederalp;440
Ausserberg;640
Blatten;300
Bşrchen;767
Eischoll;460
Ferden;248
Kippel;329
Niedergesteln;749
Raron;2024
Unterbèch;479
Wiler (LÜtschen);528
MÜrel-Filet;759
Steg-Hohtenn;1726
Bettmeralp;483
;
Collonges;869
DorÄnaz;1113
Evionnaz;1500
Finhaut;418
Massongex;2126
Saint-Maurice;4623
Salvan;1495
Vernayaz;1928
VÄrossaz;902
;
Chalais;3927
Chippis;1615
GrÖne;2556
Icogne;640
Lens;4570
Saint-LÄonard;2628
Sierre;17829
Anniviers;2790
Crans-Montana;10496
Noble-ContrÄe;4693
;
Arbaz;1461
Grimisuat;3962
SaviÅse;8278
Sion;37154
Veysonnaz;614
;
Baltschieder;1386
Eisten;192
Embd;285
Grèchen;1316
Lalden;760
Randa;468
Saas-Almagell;385
Saas-Balen;341
Saas-Fee;1638
Saas-Grund;1057
St Niklaus;2298
Stalden (Vs);1113
Staldenried;561
Tèsch;1305
TÜrbel;496
Visp;8838
Visperterminen;1318
Zeneggen;355
Zermatt;6099
;
;
Boudry;6317
Cortaillod;4807
Rochefort;1354
Milvignes;9308
La Grande BÄroche;9229
La Chaux-De-Fonds;37600
Les Planchettes;200
La Sagne;1075
La BrÄvine;624
Brot-Plamboz;297
Le Cerneux-PÄquignot;310
La Chaux-Du-Milieu;496
Le Locle;10907
Les Ponts-De-Martel;1231
Cornaux;1682
Cressier (Ne);2005
Enges;283
Hauterive (Ne);2666
Le Landeron;4652
LigniÅres;1061
Neuchëtel;45309
Saint-Blaise;3198
La TÅne;5571
Val-De-Ruz;17514
La CÖte-Aux-FÄes;473
Les VerriÅres;658
Val-De-Travers;10691
;
;
Aire-La-Ville;1173
AniÅres;2563
Avully;1746
Avusy;1412
Bardonnex;2545
Bellevue;4105
Bernex;11112
Carouge (Ge);22488
Cartigny;1050
CÄligny;862
Chancy;1664
ChÉne-Bougeries;14342
ChÉne-Bourg;9578
Choulex;1232
Collex-Bossy;1666
Collonge-Bellerive;8643
Cologny;6027
Confignon;4553
Corsier (Ge);2313
Dardagny;1828
GenÅve;209061
Genthod;2861
Le Grand-Saconnex;13062
Gy;553
Hermance;1246
Jussy;1223
Laconnex;704
Lancy;37259
Meinier;2069
Meyrin;27059
Onex;18915
Perly-Certoux;3304
Plan-Les-Ouates;12186
Pregny-ChambÄsy;4262
Presinge;708
Puplinge;2628
Russin;543
Satigny;4713
Soral;942
ThÖnex;16809
Troinex;3145
Vandoeuvres;3030
Vernier;37837
Versoix;13996
Veyrier;12085
;
;
BoÄcourt;961
Bourrignon;263
Chëtillon (Ju);475
Courchapoix;449
Courrendlin;3687
Courroux;3443
CourtÄtelle;2788
DelÄmont;12813
Develier;1393
Ederswiler;115
Mervelier;526
Mettembert;112
Movelier;414
Pleigne;365
Rossemaison;740
Saulcy;277
SoyhiÅres;453
Haute-Sorne;7453
Val Terbi;3270
;
Le BÄmont (Ju);308
Les Bois;1244
Les Breuleux;1627
Les Enfers;151
Les Genevez (Ju);516
Lajoux (Ju);720
Montfaucon;564
Muriaux;518
Le Noirmont;1934
SaignelÄgier;2531
Saint-Brais;237
Soubey;125
;
Alle;1946
Boncourt;1170
Bure;645
Coeuve;717
Cornol;1083
Courchavon;323
Courgenay;2439
Courtedoux;761
Fahy;337
Fontenais;1632
Grandfontaine;378
Porrentruy;6574
Vendlincourt;557
Basse-Allaine;1197
Clos Du Doubs;1304
Haute-Ajoie;1064
La Baroche;1135
Damphreux-Lugnez;370
Basse-Vendline;736